Seed_ID,Predicted_Class
0,Çerçevelik
1,Çerçevelik
2,Çerçevelik
3,Çerçevelik
4,Çerçevelik
5,Çerçevelik
6,Çerçevelik
7,Çerçevelik
8,Çerçevelik
9,Çerçevelik
10,Çerçevelik
11,Çerçevelik
12,Çerçevelik
13,Çerçevelik
14,Çerçevelik
15,Çerçevelik
16,Çerçevelik
17,Çerçevelik
18,Çerçevelik
19,Çerçevelik
20,Çerçevelik
21,Çerçevelik
22,Çerçevelik
23,Çerçevelik
24,Çerçevelik
25,Çerçevelik
26,Çerçevelik
27,Çerçevelik
28,Çerçevelik
29,Çerçevelik
30,Çerçevelik
31,Çerçevelik
32,Çerçevelik
33,Çerçevelik
34,Çerçevelik
35,Çerçevelik
36,Çerçevelik
37,Çerçevelik
38,Çerçevelik
39,Çerçevelik
40,Çerçevelik
41,Çerçevelik
42,Çerçevelik
43,Çerçevelik
44,Çerçevelik
45,Çerçevelik
46,Çerçevelik
47,Çerçevelik
48,Çerçevelik
49,Çerçevelik
50,Çerçevelik
51,Çerçevelik
52,Çerçevelik
53,Çerçevelik
54,Çerçevelik
55,Çerçevelik
56,Çerçevelik
57,Çerçevelik
58,Çerçevelik
59,Çerçevelik
60,Çerçevelik
61,Çerçevelik
62,Çerçevelik
63,Çerçevelik
64,Çerçevelik
65,Çerçevelik
66,Çerçevelik
67,Çerçevelik
68,Çerçevelik
69,Çerçevelik
70,Çerçevelik
71,Çerçevelik
72,Çerçevelik
73,Çerçevelik
74,Çerçevelik
75,Çerçevelik
76,Çerçevelik
77,Çerçevelik
78,Çerçevelik
79,Çerçevelik
80,Çerçevelik
81,Çerçevelik
82,Çerçevelik
83,Çerçevelik
84,Çerçevelik
85,Çerçevelik
86,Çerçevelik
87,Çerçevelik
88,Çerçevelik
89,Çerçevelik
90,Çerçevelik
91,Çerçevelik
92,Çerçevelik
93,Çerçevelik
94,Çerçevelik
95,Çerçevelik
96,Çerçevelik
97,Çerçevelik
98,Çerçevelik
99,Çerçevelik
100,Çerçevelik
101,Çerçevelik
102,Çerçevelik
103,Çerçevelik
104,Çerçevelik
105,Çerçevelik
106,Çerçevelik
107,Çerçevelik
108,Çerçevelik
109,Çerçevelik
110,Çerçevelik
111,Çerçevelik
112,Çerçevelik
113,Çerçevelik
114,Çerçevelik
115,Çerçevelik
116,Çerçevelik
117,Çerçevelik
118,Çerçevelik
119,Çerçevelik
120,Çerçevelik
121,Çerçevelik
122,Çerçevelik
123,Çerçevelik
124,Çerçevelik
125,Çerçevelik
126,Çerçevelik
127,Çerçevelik
128,Çerçevelik
129,Çerçevelik
130,Çerçevelik
131,Çerçevelik
132,Çerçevelik
133,Çerçevelik
134,Çerçevelik
135,Çerçevelik
136,Çerçevelik
137,Çerçevelik
138,Çerçevelik
139,Çerçevelik
140,Çerçevelik
141,Çerçevelik
142,Çerçevelik
143,Çerçevelik
144,Çerçevelik
145,Çerçevelik
146,Çerçevelik
147,Çerçevelik
148,Çerçevelik
149,Çerçevelik
150,Çerçevelik
151,Çerçevelik
152,Çerçevelik
153,Çerçevelik
154,Çerçevelik
155,Çerçevelik
156,Çerçevelik
157,Çerçevelik
158,Çerçevelik
159,Çerçevelik
160,Çerçevelik
161,Çerçevelik
162,Çerçevelik
163,Çerçevelik
164,Çerçevelik
165,Çerçevelik
166,Çerçevelik
167,Çerçevelik
168,Çerçevelik
169,Çerçevelik
170,Çerçevelik
171,Çerçevelik
172,Çerçevelik
173,Çerçevelik
174,Çerçevelik
175,Çerçevelik
176,Çerçevelik
177,Çerçevelik
178,Çerçevelik
179,Çerçevelik
180,Çerçevelik
181,Çerçevelik
182,Çerçevelik
183,Çerçevelik
184,Çerçevelik
185,Çerçevelik
186,Çerçevelik
187,Çerçevelik
188,Çerçevelik
189,Çerçevelik
190,Çerçevelik
191,Çerçevelik
192,Çerçevelik
193,Çerçevelik
194,Çerçevelik
195,Çerçevelik
196,Çerçevelik
197,Çerçevelik
198,Çerçevelik
199,Çerçevelik
200,Çerçevelik
201,Çerçevelik
202,Çerçevelik
203,Çerçevelik
204,Çerçevelik
205,Çerçevelik
206,Çerçevelik
207,Çerçevelik
208,Çerçevelik
209,Çerçevelik
210,Çerçevelik
211,Çerçevelik
212,Çerçevelik
213,Çerçevelik
214,Çerçevelik
215,Çerçevelik
216,Çerçevelik
217,Çerçevelik
218,Çerçevelik
219,Çerçevelik
220,Çerçevelik
221,Çerçevelik
222,Çerçevelik
223,Çerçevelik
224,Çerçevelik
225,Çerçevelik
226,Çerçevelik
227,Çerçevelik
228,Çerçevelik
229,Çerçevelik
230,Çerçevelik
231,Çerçevelik
232,Çerçevelik
233,Çerçevelik
234,Çerçevelik
235,Çerçevelik
236,Çerçevelik
237,Çerçevelik
238,Çerçevelik
239,Çerçevelik
240,Çerçevelik
241,Çerçevelik
242,Çerçevelik
243,Çerçevelik
244,Çerçevelik
245,Çerçevelik
246,Çerçevelik
247,Çerçevelik
248,Çerçevelik
249,Çerçevelik
250,Çerçevelik
251,Çerçevelik
252,Çerçevelik
253,Çerçevelik
254,Çerçevelik
255,Çerçevelik
256,Çerçevelik
257,Çerçevelik
258,Çerçevelik
259,Çerçevelik
260,Çerçevelik
261,Çerçevelik
262,Çerçevelik
263,Çerçevelik
264,Çerçevelik
265,Çerçevelik
266,Çerçevelik
267,Çerçevelik
268,Çerçevelik
269,Çerçevelik
270,Çerçevelik
271,Çerçevelik
272,Çerçevelik
273,Çerçevelik
274,Çerçevelik
275,Çerçevelik
276,Çerçevelik
277,Çerçevelik
278,Çerçevelik
279,Çerçevelik
280,Çerçevelik
281,Çerçevelik
282,Çerçevelik
283,Çerçevelik
284,Çerçevelik
285,Çerçevelik
286,Çerçevelik
287,Çerçevelik
288,Çerçevelik
289,Çerçevelik
290,Çerçevelik
291,Çerçevelik
292,Çerçevelik
293,Çerçevelik
294,Çerçevelik
295,Çerçevelik
296,Çerçevelik
297,Çerçevelik
298,Çerçevelik
299,Çerçevelik
300,Çerçevelik
301,Çerçevelik
302,Çerçevelik
303,Çerçevelik
304,Çerçevelik
305,Çerçevelik
306,Çerçevelik
307,Çerçevelik
308,Çerçevelik
309,Çerçevelik
310,Çerçevelik
311,Çerçevelik
312,Çerçevelik
313,Çerçevelik
314,Çerçevelik
315,Çerçevelik
316,Çerçevelik
317,Çerçevelik
318,Çerçevelik
319,Çerçevelik
320,Çerçevelik
321,Çerçevelik
322,Çerçevelik
323,Çerçevelik
324,Çerçevelik
325,Çerçevelik
326,Çerçevelik
327,Çerçevelik
328,Çerçevelik
329,Çerçevelik
330,Çerçevelik
331,Çerçevelik
332,Çerçevelik
333,Çerçevelik
334,Çerçevelik
335,Çerçevelik
336,Çerçevelik
337,Çerçevelik
338,Çerçevelik
339,Çerçevelik
340,Çerçevelik
341,Çerçevelik
342,Çerçevelik
343,Çerçevelik
344,Çerçevelik
345,Çerçevelik
346,Çerçevelik
347,Çerçevelik
348,Çerçevelik
349,Çerçevelik
350,Çerçevelik
351,Çerçevelik
352,Çerçevelik
353,Çerçevelik
354,Çerçevelik
355,Çerçevelik
356,Çerçevelik
357,Çerçevelik
358,Çerçevelik
359,Çerçevelik
360,Çerçevelik
361,Çerçevelik
362,Çerçevelik
363,Çerçevelik
364,Çerçevelik
365,Çerçevelik
366,Çerçevelik
367,Çerçevelik
368,Çerçevelik
369,Çerçevelik
370,Çerçevelik
371,Çerçevelik
372,Çerçevelik
373,Çerçevelik
374,Çerçevelik
375,Çerçevelik
376,Çerçevelik
377,Çerçevelik
378,Çerçevelik
379,Çerçevelik
380,Çerçevelik
381,Çerçevelik
382,Çerçevelik
383,Çerçevelik
384,Çerçevelik
385,Çerçevelik
386,Çerçevelik
387,Çerçevelik
388,Çerçevelik
389,Çerçevelik
390,Çerçevelik
391,Çerçevelik
392,Çerçevelik
393,Çerçevelik
394,Çerçevelik
395,Çerçevelik
396,Çerçevelik
397,Çerçevelik
398,Çerçevelik
399,Çerçevelik
400,Çerçevelik
401,Çerçevelik
402,Çerçevelik
403,Çerçevelik
404,Çerçevelik
405,Çerçevelik
406,Çerçevelik
407,Çerçevelik
408,Çerçevelik
409,Çerçevelik
410,Çerçevelik
411,Çerçevelik
412,Çerçevelik
413,Çerçevelik
414,Çerçevelik
415,Çerçevelik
416,Çerçevelik
417,Çerçevelik
418,Çerçevelik
419,Çerçevelik
420,Çerçevelik
421,Çerçevelik
422,Çerçevelik
423,Çerçevelik
424,Çerçevelik
425,Çerçevelik
426,Çerçevelik
427,Çerçevelik
428,Çerçevelik
429,Çerçevelik
430,Çerçevelik
431,Çerçevelik
432,Çerçevelik
433,Çerçevelik
434,Çerçevelik
435,Çerçevelik
436,Çerçevelik
437,Çerçevelik
438,Çerçevelik
439,Çerçevelik
440,Çerçevelik
441,Çerçevelik
442,Çerçevelik
443,Çerçevelik
444,Çerçevelik
445,Çerçevelik
446,Çerçevelik
447,Çerçevelik
448,Çerçevelik
449,Çerçevelik
450,Çerçevelik
451,Çerçevelik
452,Çerçevelik
453,Çerçevelik
454,Çerçevelik
455,Çerçevelik
456,Çerçevelik
457,Çerçevelik
458,Çerçevelik
459,Çerçevelik
460,Çerçevelik
461,Çerçevelik
462,Çerçevelik
463,Çerçevelik
464,Çerçevelik
465,Çerçevelik
466,Çerçevelik
467,Çerçevelik
468,Çerçevelik
469,Çerçevelik
470,Çerçevelik
471,Çerçevelik
472,Çerçevelik
473,Çerçevelik
474,Çerçevelik
475,Çerçevelik
476,Çerçevelik
477,Çerçevelik
478,Çerçevelik
479,Çerçevelik
480,Çerçevelik
481,Çerçevelik
482,Çerçevelik
483,Çerçevelik
484,Çerçevelik
485,Çerçevelik
486,Çerçevelik
487,Çerçevelik
488,Çerçevelik
489,Çerçevelik
490,Çerçevelik
491,Çerçevelik
492,Çerçevelik
493,Çerçevelik
494,Çerçevelik
495,Çerçevelik
496,Çerçevelik
497,Çerçevelik
498,Çerçevelik
499,Çerçevelik
500,Çerçevelik
501,Çerçevelik
502,Çerçevelik
503,Çerçevelik
504,Çerçevelik
505,Çerçevelik
506,Çerçevelik
507,Çerçevelik
508,Çerçevelik
509,Çerçevelik
510,Çerçevelik
511,Çerçevelik
512,Çerçevelik
513,Çerçevelik
514,Çerçevelik
515,Çerçevelik
516,Çerçevelik
517,Çerçevelik
518,Çerçevelik
519,Çerçevelik
520,Çerçevelik
521,Çerçevelik
522,Çerçevelik
523,Çerçevelik
524,Çerçevelik
525,Çerçevelik
526,Çerçevelik
527,Çerçevelik
528,Çerçevelik
529,Çerçevelik
530,Çerçevelik
531,Çerçevelik
532,Çerçevelik
533,Çerçevelik
534,Çerçevelik
535,Çerçevelik
536,Çerçevelik
537,Çerçevelik
538,Çerçevelik
539,Çerçevelik
540,Çerçevelik
541,Çerçevelik
542,Çerçevelik
543,Çerçevelik
544,Çerçevelik
545,Çerçevelik
546,Çerçevelik
547,Çerçevelik
548,Çerçevelik
549,Çerçevelik
550,Çerçevelik
551,Çerçevelik
552,Çerçevelik
553,Çerçevelik
554,Çerçevelik
555,Çerçevelik
556,Çerçevelik
557,Çerçevelik
558,Çerçevelik
559,Çerçevelik
560,Çerçevelik
561,Çerçevelik
562,Çerçevelik
563,Çerçevelik
564,Çerçevelik
565,Çerçevelik
566,Çerçevelik
567,Çerçevelik
568,Çerçevelik
569,Çerçevelik
570,Çerçevelik
571,Çerçevelik
572,Çerçevelik
573,Çerçevelik
574,Çerçevelik
575,Çerçevelik
576,Çerçevelik
577,Çerçevelik
578,Çerçevelik
579,Çerçevelik
580,Çerçevelik
581,Çerçevelik
582,Çerçevelik
583,Çerçevelik
584,Çerçevelik
585,Çerçevelik
586,Çerçevelik
587,Çerçevelik
588,Çerçevelik
589,Çerçevelik
590,Çerçevelik
591,Çerçevelik
592,Çerçevelik
593,Çerçevelik
594,Çerçevelik
595,Çerçevelik
596,Çerçevelik
597,Çerçevelik
598,Çerçevelik
599,Çerçevelik
600,Çerçevelik
601,Çerçevelik
602,Çerçevelik
603,Çerçevelik
604,Çerçevelik
605,Çerçevelik
606,Çerçevelik
607,Çerçevelik
608,Çerçevelik
609,Çerçevelik
610,Çerçevelik
611,Çerçevelik
612,Çerçevelik
613,Çerçevelik
614,Çerçevelik
615,Çerçevelik
616,Çerçevelik
617,Çerçevelik
618,Çerçevelik
619,Çerçevelik
620,Çerçevelik
621,Çerçevelik
622,Çerçevelik
623,Çerçevelik
624,Çerçevelik
625,Çerçevelik
626,Çerçevelik
627,Çerçevelik
628,Çerçevelik
629,Çerçevelik
630,Çerçevelik
631,Çerçevelik
632,Çerçevelik
633,Çerçevelik
634,Çerçevelik
635,Çerçevelik
636,Çerçevelik
637,Çerçevelik
638,Çerçevelik
639,Çerçevelik
640,Çerçevelik
641,Çerçevelik
642,Çerçevelik
643,Çerçevelik
644,Çerçevelik
645,Çerçevelik
646,Çerçevelik
647,Çerçevelik
648,Çerçevelik
649,Çerçevelik
650,Çerçevelik
651,Çerçevelik
652,Çerçevelik
653,Çerçevelik
654,Çerçevelik
655,Çerçevelik
656,Çerçevelik
657,Çerçevelik
658,Çerçevelik
659,Çerçevelik
660,Çerçevelik
661,Çerçevelik
662,Çerçevelik
663,Çerçevelik
664,Çerçevelik
665,Çerçevelik
666,Çerçevelik
667,Çerçevelik
668,Çerçevelik
669,Çerçevelik
670,Çerçevelik
671,Çerçevelik
672,Çerçevelik
673,Çerçevelik
674,Çerçevelik
675,Çerçevelik
676,Çerçevelik
677,Çerçevelik
678,Çerçevelik
679,Çerçevelik
680,Çerçevelik
681,Çerçevelik
682,Çerçevelik
683,Çerçevelik
684,Çerçevelik
685,Çerçevelik
686,Çerçevelik
687,Çerçevelik
688,Çerçevelik
689,Çerçevelik
690,Çerçevelik
691,Çerçevelik
692,Çerçevelik
693,Çerçevelik
694,Çerçevelik
695,Çerçevelik
696,Çerçevelik
697,Çerçevelik
698,Çerçevelik
699,Çerçevelik
700,Çerçevelik
701,Çerçevelik
702,Çerçevelik
703,Çerçevelik
704,Çerçevelik
705,Çerçevelik
706,Çerçevelik
707,Çerçevelik
708,Çerçevelik
709,Çerçevelik
710,Çerçevelik
711,Çerçevelik
712,Çerçevelik
713,Çerçevelik
714,Çerçevelik
715,Çerçevelik
716,Çerçevelik
717,Çerçevelik
718,Çerçevelik
719,Çerçevelik
720,Çerçevelik
721,Çerçevelik
722,Çerçevelik
723,Çerçevelik
724,Çerçevelik
725,Çerçevelik
726,Çerçevelik
727,Çerçevelik
728,Çerçevelik
729,Çerçevelik
730,Çerçevelik
731,Çerçevelik
732,Çerçevelik
733,Çerçevelik
734,Çerçevelik
735,Çerçevelik
736,Çerçevelik
737,Çerçevelik
738,Çerçevelik
739,Çerçevelik
740,Çerçevelik
741,Çerçevelik
742,Çerçevelik
743,Çerçevelik
744,Çerçevelik
745,Çerçevelik
746,Çerçevelik
747,Çerçevelik
748,Çerçevelik
749,Çerçevelik
750,Çerçevelik
751,Çerçevelik
752,Çerçevelik
753,Çerçevelik
754,Çerçevelik
755,Çerçevelik
756,Çerçevelik
757,Çerçevelik
758,Çerçevelik
759,Çerçevelik
760,Çerçevelik
761,Çerçevelik
762,Çerçevelik
763,Çerçevelik
764,Çerçevelik
765,Çerçevelik
766,Çerçevelik
767,Çerçevelik
768,Çerçevelik
769,Çerçevelik
770,Çerçevelik
771,Çerçevelik
772,Çerçevelik
773,Çerçevelik
774,Çerçevelik
775,Çerçevelik
776,Çerçevelik
777,Çerçevelik
778,Çerçevelik
779,Çerçevelik
780,Çerçevelik
781,Çerçevelik
782,Çerçevelik
783,Çerçevelik
784,Çerçevelik
785,Çerçevelik
786,Çerçevelik
787,Çerçevelik
788,Çerçevelik
789,Çerçevelik
790,Çerçevelik
791,Çerçevelik
792,Çerçevelik
793,Çerçevelik
794,Çerçevelik
795,Çerçevelik
796,Çerçevelik
797,Çerçevelik
798,Çerçevelik
799,Çerçevelik
800,Çerçevelik
801,Çerçevelik
802,Çerçevelik
803,Çerçevelik
804,Çerçevelik
805,Çerçevelik
806,Çerçevelik
807,Çerçevelik
808,Çerçevelik
809,Çerçevelik
810,Çerçevelik
811,Çerçevelik
812,Çerçevelik
813,Çerçevelik
814,Çerçevelik
815,Çerçevelik
816,Çerçevelik
817,Çerçevelik
818,Çerçevelik
819,Çerçevelik
820,Çerçevelik
821,Çerçevelik
822,Çerçevelik
823,Çerçevelik
824,Çerçevelik
825,Çerçevelik
826,Çerçevelik
827,Çerçevelik
828,Çerçevelik
829,Çerçevelik
830,Çerçevelik
831,Çerçevelik
832,Çerçevelik
833,Çerçevelik
834,Çerçevelik
835,Çerçevelik
836,Çerçevelik
837,Çerçevelik
838,Çerçevelik
839,Çerçevelik
840,Çerçevelik
841,Çerçevelik
842,Çerçevelik
843,Çerçevelik
844,Çerçevelik
845,Çerçevelik
846,Çerçevelik
847,Çerçevelik
848,Çerçevelik
849,Çerçevelik
850,Çerçevelik
851,Çerçevelik
852,Çerçevelik
853,Çerçevelik
854,Çerçevelik
855,Çerçevelik
856,Çerçevelik
857,Çerçevelik
858,Çerçevelik
859,Çerçevelik
860,Çerçevelik
861,Çerçevelik
862,Çerçevelik
863,Çerçevelik
864,Çerçevelik
865,Çerçevelik
866,Çerçevelik
867,Çerçevelik
868,Çerçevelik
869,Çerçevelik
870,Çerçevelik
871,Çerçevelik
872,Çerçevelik
873,Çerçevelik
874,Çerçevelik
875,Çerçevelik
876,Çerçevelik
877,Çerçevelik
878,Çerçevelik
879,Çerçevelik
880,Çerçevelik
881,Çerçevelik
882,Çerçevelik
883,Çerçevelik
884,Çerçevelik
885,Çerçevelik
886,Çerçevelik
887,Çerçevelik
888,Çerçevelik
889,Çerçevelik
890,Çerçevelik
891,Çerçevelik
892,Çerçevelik
893,Çerçevelik
894,Çerçevelik
895,Çerçevelik
896,Çerçevelik
897,Çerçevelik
898,Çerçevelik
899,Çerçevelik
900,Çerçevelik
901,Çerçevelik
902,Çerçevelik
903,Çerçevelik
904,Çerçevelik
905,Çerçevelik
906,Çerçevelik
907,Çerçevelik
908,Çerçevelik
909,Çerçevelik
910,Çerçevelik
911,Çerçevelik
912,Çerçevelik
913,Çerçevelik
914,Çerçevelik
915,Çerçevelik
916,Çerçevelik
917,Çerçevelik
918,Çerçevelik
919,Çerçevelik
920,Çerçevelik
921,Çerçevelik
922,Çerçevelik
923,Çerçevelik
924,Çerçevelik
925,Çerçevelik
926,Çerçevelik
927,Çerçevelik
928,Çerçevelik
929,Çerçevelik
930,Çerçevelik
931,Çerçevelik
932,Çerçevelik
933,Çerçevelik
934,Çerçevelik
935,Çerçevelik
936,Çerçevelik
937,Çerçevelik
938,Çerçevelik
939,Çerçevelik
940,Çerçevelik
941,Çerçevelik
942,Çerçevelik
943,Çerçevelik
944,Çerçevelik
945,Çerçevelik
946,Çerçevelik
947,Çerçevelik
948,Çerçevelik
949,Çerçevelik
950,Çerçevelik
951,Çerçevelik
952,Çerçevelik
953,Çerçevelik
954,Çerçevelik
955,Çerçevelik
956,Çerçevelik
957,Çerçevelik
958,Çerçevelik
959,Çerçevelik
960,Çerçevelik
961,Çerçevelik
962,Çerçevelik
963,Çerçevelik
964,Çerçevelik
965,Çerçevelik
966,Çerçevelik
967,Çerçevelik
968,Çerçevelik
969,Çerçevelik
970,Çerçevelik
971,Çerçevelik
972,Çerçevelik
973,Çerçevelik
974,Çerçevelik
975,Çerçevelik
976,Çerçevelik
977,Çerçevelik
978,Çerçevelik
979,Çerçevelik
980,Çerçevelik
981,Çerçevelik
982,Çerçevelik
983,Çerçevelik
984,Çerçevelik
985,Çerçevelik
986,Çerçevelik
987,Çerçevelik
988,Çerçevelik
989,Çerçevelik
990,Çerçevelik
991,Çerçevelik
992,Çerçevelik
993,Çerçevelik
994,Çerçevelik
995,Çerçevelik
996,Çerçevelik
997,Çerçevelik
998,Çerçevelik
999,Çerçevelik
1000,Çerçevelik
1001,Çerçevelik
1002,Çerçevelik
1003,Çerçevelik
1004,Çerçevelik
1005,Çerçevelik
1006,Çerçevelik
1007,Çerçevelik
1008,Çerçevelik
1009,Çerçevelik
1010,Çerçevelik
1011,Çerçevelik
1012,Çerçevelik
1013,Çerçevelik
1014,Çerçevelik
1015,Çerçevelik
1016,Çerçevelik
1017,Çerçevelik
1018,Çerçevelik
1019,Çerçevelik
1020,Çerçevelik
1021,Çerçevelik
1022,Çerçevelik
1023,Çerçevelik
1024,Çerçevelik
1025,Çerçevelik
1026,Çerçevelik
1027,Çerçevelik
1028,Çerçevelik
1029,Çerçevelik
1030,Çerçevelik
1031,Çerçevelik
1032,Çerçevelik
1033,Çerçevelik
1034,Çerçevelik
1035,Çerçevelik
1036,Çerçevelik
1037,Çerçevelik
1038,Çerçevelik
1039,Çerçevelik
1040,Çerçevelik
1041,Çerçevelik
1042,Çerçevelik
1043,Çerçevelik
1044,Çerçevelik
1045,Çerçevelik
1046,Çerçevelik
1047,Çerçevelik
1048,Çerçevelik
1049,Çerçevelik
1050,Çerçevelik
1051,Çerçevelik
1052,Çerçevelik
1053,Çerçevelik
1054,Çerçevelik
1055,Çerçevelik
1056,Çerçevelik
1057,Çerçevelik
1058,Çerçevelik
1059,Çerçevelik
1060,Çerçevelik
1061,Çerçevelik
1062,Çerçevelik
1063,Çerçevelik
1064,Çerçevelik
1065,Çerçevelik
1066,Çerçevelik
1067,Çerçevelik
1068,Çerçevelik
1069,Çerçevelik
1070,Çerçevelik
1071,Çerçevelik
1072,Çerçevelik
1073,Çerçevelik
1074,Çerçevelik
1075,Çerçevelik
1076,Çerçevelik
1077,Çerçevelik
1078,Çerçevelik
1079,Çerçevelik
1080,Çerçevelik
1081,Çerçevelik
1082,Çerçevelik
1083,Çerçevelik
1084,Çerçevelik
1085,Çerçevelik
1086,Çerçevelik
1087,Çerçevelik
1088,Çerçevelik
1089,Çerçevelik
1090,Çerçevelik
1091,Çerçevelik
1092,Çerçevelik
1093,Çerçevelik
1094,Çerçevelik
1095,Çerçevelik
1096,Çerçevelik
1097,Çerçevelik
1098,Çerçevelik
1099,Çerçevelik
1100,Çerçevelik
1101,Çerçevelik
1102,Çerçevelik
1103,Çerçevelik
1104,Çerçevelik
1105,Çerçevelik
1106,Çerçevelik
1107,Çerçevelik
1108,Çerçevelik
1109,Çerçevelik
1110,Çerçevelik
1111,Çerçevelik
1112,Çerçevelik
1113,Çerçevelik
1114,Çerçevelik
1115,Çerçevelik
1116,Çerçevelik
1117,Çerçevelik
1118,Çerçevelik
1119,Çerçevelik
1120,Çerçevelik
1121,Çerçevelik
1122,Çerçevelik
1123,Çerçevelik
1124,Çerçevelik
1125,Çerçevelik
1126,Çerçevelik
1127,Çerçevelik
1128,Çerçevelik
1129,Çerçevelik
1130,Çerçevelik
1131,Çerçevelik
1132,Çerçevelik
1133,Çerçevelik
1134,Çerçevelik
1135,Çerçevelik
1136,Çerçevelik
1137,Çerçevelik
1138,Çerçevelik
1139,Çerçevelik
1140,Çerçevelik
1141,Çerçevelik
1142,Çerçevelik
1143,Çerçevelik
1144,Çerçevelik
1145,Çerçevelik
1146,Çerçevelik
1147,Çerçevelik
1148,Çerçevelik
1149,Çerçevelik
1150,Çerçevelik
1151,Çerçevelik
1152,Çerçevelik
1153,Çerçevelik
1154,Çerçevelik
1155,Çerçevelik
1156,Çerçevelik
1157,Çerçevelik
1158,Çerçevelik
1159,Çerçevelik
1160,Çerçevelik
1161,Çerçevelik
1162,Çerçevelik
1163,Çerçevelik
1164,Çerçevelik
1165,Çerçevelik
1166,Çerçevelik
1167,Çerçevelik
1168,Çerçevelik
1169,Çerçevelik
1170,Çerçevelik
1171,Çerçevelik
1172,Çerçevelik
1173,Çerçevelik
1174,Çerçevelik
1175,Çerçevelik
1176,Çerçevelik
1177,Çerçevelik
1178,Çerçevelik
1179,Çerçevelik
1180,Çerçevelik
1181,Çerçevelik
1182,Çerçevelik
1183,Çerçevelik
1184,Çerçevelik
1185,Çerçevelik
1186,Çerçevelik
1187,Çerçevelik
1188,Çerçevelik
1189,Çerçevelik
1190,Çerçevelik
1191,Çerçevelik
1192,Çerçevelik
1193,Çerçevelik
1194,Çerçevelik
1195,Çerçevelik
1196,Çerçevelik
1197,Çerçevelik
1198,Çerçevelik
1199,Çerçevelik
1200,Çerçevelik
1201,Çerçevelik
1202,Çerçevelik
1203,Çerçevelik
1204,Çerçevelik
1205,Çerçevelik
1206,Çerçevelik
1207,Çerçevelik
1208,Çerçevelik
1209,Çerçevelik
1210,Çerçevelik
1211,Çerçevelik
1212,Çerçevelik
1213,Çerçevelik
1214,Çerçevelik
1215,Çerçevelik
1216,Çerçevelik
1217,Çerçevelik
1218,Çerçevelik
1219,Çerçevelik
1220,Çerçevelik
1221,Çerçevelik
1222,Çerçevelik
1223,Çerçevelik
1224,Çerçevelik
1225,Çerçevelik
1226,Çerçevelik
1227,Çerçevelik
1228,Çerçevelik
1229,Çerçevelik
1230,Çerçevelik
1231,Çerçevelik
1232,Çerçevelik
1233,Çerçevelik
1234,Çerçevelik
1235,Çerçevelik
1236,Çerçevelik
1237,Çerçevelik
1238,Çerçevelik
1239,Çerçevelik
1240,Çerçevelik
1241,Çerçevelik
1242,Çerçevelik
1243,Çerçevelik
1244,Çerçevelik
1245,Çerçevelik
1246,Çerçevelik
1247,Çerçevelik
1248,Çerçevelik
1249,Çerçevelik
1250,Çerçevelik
1251,Çerçevelik
1252,Çerçevelik
1253,Çerçevelik
1254,Çerçevelik
1255,Çerçevelik
1256,Çerçevelik
1257,Çerçevelik
1258,Çerçevelik
1259,Çerçevelik
1260,Çerçevelik
1261,Çerçevelik
1262,Çerçevelik
1263,Çerçevelik
1264,Çerçevelik
1265,Çerçevelik
1266,Çerçevelik
1267,Çerçevelik
1268,Çerçevelik
1269,Çerçevelik
1270,Çerçevelik
1271,Çerçevelik
1272,Çerçevelik
1273,Çerçevelik
1274,Çerçevelik
1275,Çerçevelik
1276,Çerçevelik
1277,Çerçevelik
1278,Çerçevelik
1279,Çerçevelik
1280,Çerçevelik
1281,Çerçevelik
1282,Çerçevelik
1283,Çerçevelik
1284,Çerçevelik
1285,Çerçevelik
1286,Çerçevelik
1287,Çerçevelik
1288,Çerçevelik
1289,Çerçevelik
1290,Çerçevelik
1291,Çerçevelik
1292,Çerçevelik
1293,Çerçevelik
1294,Çerçevelik
1295,Çerçevelik
1296,Çerçevelik
1297,Çerçevelik
1298,Çerçevelik
1299,Çerçevelik
1300,Ürgüp Sivrisi
1301,Ürgüp Sivrisi
1302,Ürgüp Sivrisi
1303,Ürgüp Sivrisi
1304,Ürgüp Sivrisi
1305,Ürgüp Sivrisi
1306,Ürgüp Sivrisi
1307,Ürgüp Sivrisi
1308,Ürgüp Sivrisi
1309,Ürgüp Sivrisi
1310,Ürgüp Sivrisi
1311,Ürgüp Sivrisi
1312,Ürgüp Sivrisi
1313,Ürgüp Sivrisi
1314,Ürgüp Sivrisi
1315,Ürgüp Sivrisi
1316,Ürgüp Sivrisi
1317,Ürgüp Sivrisi
1318,Ürgüp Sivrisi
1319,Ürgüp Sivrisi
1320,Ürgüp Sivrisi
1321,Ürgüp Sivrisi
1322,Ürgüp Sivrisi
1323,Ürgüp Sivrisi
1324,Ürgüp Sivrisi
1325,Ürgüp Sivrisi
1326,Ürgüp Sivrisi
1327,Ürgüp Sivrisi
1328,Ürgüp Sivrisi
1329,Ürgüp Sivrisi
1330,Ürgüp Sivrisi
1331,Ürgüp Sivrisi
1332,Ürgüp Sivrisi
1333,Ürgüp Sivrisi
1334,Ürgüp Sivrisi
1335,Ürgüp Sivrisi
1336,Ürgüp Sivrisi
1337,Ürgüp Sivrisi
1338,Ürgüp Sivrisi
1339,Ürgüp Sivrisi
1340,Ürgüp Sivrisi
1341,Ürgüp Sivrisi
1342,Ürgüp Sivrisi
1343,Ürgüp Sivrisi
1344,Ürgüp Sivrisi
1345,Ürgüp Sivrisi
1346,Ürgüp Sivrisi
1347,Ürgüp Sivrisi
1348,Ürgüp Sivrisi
1349,Ürgüp Sivrisi
1350,Ürgüp Sivrisi
1351,Ürgüp Sivrisi
1352,Ürgüp Sivrisi
1353,Ürgüp Sivrisi
1354,Ürgüp Sivrisi
1355,Ürgüp Sivrisi
1356,Ürgüp Sivrisi
1357,Ürgüp Sivrisi
1358,Ürgüp Sivrisi
1359,Ürgüp Sivrisi
1360,Ürgüp Sivrisi
1361,Ürgüp Sivrisi
1362,Ürgüp Sivrisi
1363,Ürgüp Sivrisi
1364,Ürgüp Sivrisi
1365,Ürgüp Sivrisi
1366,Ürgüp Sivrisi
1367,Ürgüp Sivrisi
1368,Ürgüp Sivrisi
1369,Ürgüp Sivrisi
1370,Ürgüp Sivrisi
1371,Ürgüp Sivrisi
1372,Ürgüp Sivrisi
1373,Ürgüp Sivrisi
1374,Ürgüp Sivrisi
1375,Ürgüp Sivrisi
1376,Ürgüp Sivrisi
1377,Ürgüp Sivrisi
1378,Ürgüp Sivrisi
1379,Ürgüp Sivrisi
1380,Ürgüp Sivrisi
1381,Ürgüp Sivrisi
1382,Ürgüp Sivrisi
1383,Ürgüp Sivrisi
1384,Ürgüp Sivrisi
1385,Ürgüp Sivrisi
1386,Ürgüp Sivrisi
1387,Ürgüp Sivrisi
1388,Ürgüp Sivrisi
1389,Ürgüp Sivrisi
1390,Ürgüp Sivrisi
1391,Ürgüp Sivrisi
1392,Ürgüp Sivrisi
1393,Ürgüp Sivrisi
1394,Ürgüp Sivrisi
1395,Ürgüp Sivrisi
1396,Ürgüp Sivrisi
1397,Ürgüp Sivrisi
1398,Ürgüp Sivrisi
1399,Ürgüp Sivrisi
1400,Ürgüp Sivrisi
1401,Ürgüp Sivrisi
1402,Ürgüp Sivrisi
1403,Ürgüp Sivrisi
1404,Ürgüp Sivrisi
1405,Ürgüp Sivrisi
1406,Ürgüp Sivrisi
1407,Ürgüp Sivrisi
1408,Ürgüp Sivrisi
1409,Ürgüp Sivrisi
1410,Ürgüp Sivrisi
1411,Ürgüp Sivrisi
1412,Ürgüp Sivrisi
1413,Ürgüp Sivrisi
1414,Ürgüp Sivrisi
1415,Ürgüp Sivrisi
1416,Ürgüp Sivrisi
1417,Ürgüp Sivrisi
1418,Ürgüp Sivrisi
1419,Ürgüp Sivrisi
1420,Ürgüp Sivrisi
1421,Ürgüp Sivrisi
1422,Ürgüp Sivrisi
1423,Ürgüp Sivrisi
1424,Ürgüp Sivrisi
1425,Ürgüp Sivrisi
1426,Ürgüp Sivrisi
1427,Ürgüp Sivrisi
1428,Ürgüp Sivrisi
1429,Ürgüp Sivrisi
1430,Ürgüp Sivrisi
1431,Ürgüp Sivrisi
1432,Ürgüp Sivrisi
1433,Ürgüp Sivrisi
1434,Ürgüp Sivrisi
1435,Ürgüp Sivrisi
1436,Ürgüp Sivrisi
1437,Ürgüp Sivrisi
1438,Ürgüp Sivrisi
1439,Ürgüp Sivrisi
1440,Ürgüp Sivrisi
1441,Ürgüp Sivrisi
1442,Ürgüp Sivrisi
1443,Ürgüp Sivrisi
1444,Ürgüp Sivrisi
1445,Ürgüp Sivrisi
1446,Ürgüp Sivrisi
1447,Ürgüp Sivrisi
1448,Ürgüp Sivrisi
1449,Ürgüp Sivrisi
1450,Ürgüp Sivrisi
1451,Ürgüp Sivrisi
1452,Ürgüp Sivrisi
1453,Ürgüp Sivrisi
1454,Ürgüp Sivrisi
1455,Ürgüp Sivrisi
1456,Ürgüp Sivrisi
1457,Ürgüp Sivrisi
1458,Ürgüp Sivrisi
1459,Ürgüp Sivrisi
1460,Ürgüp Sivrisi
1461,Ürgüp Sivrisi
1462,Ürgüp Sivrisi
1463,Ürgüp Sivrisi
1464,Ürgüp Sivrisi
1465,Ürgüp Sivrisi
1466,Ürgüp Sivrisi
1467,Ürgüp Sivrisi
1468,Ürgüp Sivrisi
1469,Ürgüp Sivrisi
1470,Ürgüp Sivrisi
1471,Ürgüp Sivrisi
1472,Ürgüp Sivrisi
1473,Ürgüp Sivrisi
1474,Ürgüp Sivrisi
1475,Ürgüp Sivrisi
1476,Ürgüp Sivrisi
1477,Ürgüp Sivrisi
1478,Ürgüp Sivrisi
1479,Ürgüp Sivrisi
1480,Ürgüp Sivrisi
1481,Ürgüp Sivrisi
1482,Ürgüp Sivrisi
1483,Ürgüp Sivrisi
1484,Ürgüp Sivrisi
1485,Ürgüp Sivrisi
1486,Ürgüp Sivrisi
1487,Ürgüp Sivrisi
1488,Ürgüp Sivrisi
1489,Ürgüp Sivrisi
1490,Ürgüp Sivrisi
1491,Ürgüp Sivrisi
1492,Ürgüp Sivrisi
1493,Ürgüp Sivrisi
1494,Ürgüp Sivrisi
1495,Ürgüp Sivrisi
1496,Ürgüp Sivrisi
1497,Ürgüp Sivrisi
1498,Ürgüp Sivrisi
1499,Ürgüp Sivrisi
1500,Ürgüp Sivrisi
1501,Ürgüp Sivrisi
1502,Ürgüp Sivrisi
1503,Ürgüp Sivrisi
1504,Ürgüp Sivrisi
1505,Ürgüp Sivrisi
1506,Ürgüp Sivrisi
1507,Ürgüp Sivrisi
1508,Ürgüp Sivrisi
1509,Ürgüp Sivrisi
1510,Ürgüp Sivrisi
1511,Ürgüp Sivrisi
1512,Ürgüp Sivrisi
1513,Ürgüp Sivrisi
1514,Ürgüp Sivrisi
1515,Ürgüp Sivrisi
1516,Ürgüp Sivrisi
1517,Ürgüp Sivrisi
1518,Ürgüp Sivrisi
1519,Ürgüp Sivrisi
1520,Ürgüp Sivrisi
1521,Ürgüp Sivrisi
1522,Ürgüp Sivrisi
1523,Ürgüp Sivrisi
1524,Ürgüp Sivrisi
1525,Ürgüp Sivrisi
1526,Ürgüp Sivrisi
1527,Ürgüp Sivrisi
1528,Ürgüp Sivrisi
1529,Ürgüp Sivrisi
1530,Ürgüp Sivrisi
1531,Ürgüp Sivrisi
1532,Ürgüp Sivrisi
1533,Ürgüp Sivrisi
1534,Ürgüp Sivrisi
1535,Ürgüp Sivrisi
1536,Ürgüp Sivrisi
1537,Ürgüp Sivrisi
1538,Ürgüp Sivrisi
1539,Ürgüp Sivrisi
1540,Ürgüp Sivrisi
1541,Ürgüp Sivrisi
1542,Ürgüp Sivrisi
1543,Ürgüp Sivrisi
1544,Ürgüp Sivrisi
1545,Ürgüp Sivrisi
1546,Ürgüp Sivrisi
1547,Ürgüp Sivrisi
1548,Ürgüp Sivrisi
1549,Ürgüp Sivrisi
1550,Ürgüp Sivrisi
1551,Ürgüp Sivrisi
1552,Ürgüp Sivrisi
1553,Ürgüp Sivrisi
1554,Ürgüp Sivrisi
1555,Ürgüp Sivrisi
1556,Ürgüp Sivrisi
1557,Ürgüp Sivrisi
1558,Ürgüp Sivrisi
1559,Ürgüp Sivrisi
1560,Ürgüp Sivrisi
1561,Ürgüp Sivrisi
1562,Ürgüp Sivrisi
1563,Ürgüp Sivrisi
1564,Ürgüp Sivrisi
1565,Ürgüp Sivrisi
1566,Ürgüp Sivrisi
1567,Ürgüp Sivrisi
1568,Ürgüp Sivrisi
1569,Ürgüp Sivrisi
1570,Ürgüp Sivrisi
1571,Ürgüp Sivrisi
1572,Ürgüp Sivrisi
1573,Ürgüp Sivrisi
1574,Ürgüp Sivrisi
1575,Ürgüp Sivrisi
1576,Ürgüp Sivrisi
1577,Ürgüp Sivrisi
1578,Ürgüp Sivrisi
1579,Ürgüp Sivrisi
1580,Ürgüp Sivrisi
1581,Ürgüp Sivrisi
1582,Ürgüp Sivrisi
1583,Ürgüp Sivrisi
1584,Ürgüp Sivrisi
1585,Ürgüp Sivrisi
1586,Ürgüp Sivrisi
1587,Ürgüp Sivrisi
1588,Ürgüp Sivrisi
1589,Ürgüp Sivrisi
1590,Ürgüp Sivrisi
1591,Ürgüp Sivrisi
1592,Ürgüp Sivrisi
1593,Ürgüp Sivrisi
1594,Ürgüp Sivrisi
1595,Ürgüp Sivrisi
1596,Ürgüp Sivrisi
1597,Ürgüp Sivrisi
1598,Ürgüp Sivrisi
1599,Ürgüp Sivrisi
1600,Ürgüp Sivrisi
1601,Ürgüp Sivrisi
1602,Ürgüp Sivrisi
1603,Ürgüp Sivrisi
1604,Ürgüp Sivrisi
1605,Ürgüp Sivrisi
1606,Ürgüp Sivrisi
1607,Ürgüp Sivrisi
1608,Ürgüp Sivrisi
1609,Ürgüp Sivrisi
1610,Ürgüp Sivrisi
1611,Ürgüp Sivrisi
1612,Ürgüp Sivrisi
1613,Ürgüp Sivrisi
1614,Ürgüp Sivrisi
1615,Ürgüp Sivrisi
1616,Ürgüp Sivrisi
1617,Ürgüp Sivrisi
1618,Ürgüp Sivrisi
1619,Ürgüp Sivrisi
1620,Ürgüp Sivrisi
1621,Ürgüp Sivrisi
1622,Ürgüp Sivrisi
1623,Ürgüp Sivrisi
1624,Ürgüp Sivrisi
1625,Ürgüp Sivrisi
1626,Ürgüp Sivrisi
1627,Ürgüp Sivrisi
1628,Ürgüp Sivrisi
1629,Ürgüp Sivrisi
1630,Ürgüp Sivrisi
1631,Ürgüp Sivrisi
1632,Ürgüp Sivrisi
1633,Ürgüp Sivrisi
1634,Ürgüp Sivrisi
1635,Ürgüp Sivrisi
1636,Ürgüp Sivrisi
1637,Ürgüp Sivrisi
1638,Ürgüp Sivrisi
1639,Ürgüp Sivrisi
1640,Ürgüp Sivrisi
1641,Ürgüp Sivrisi
1642,Ürgüp Sivrisi
1643,Ürgüp Sivrisi
1644,Ürgüp Sivrisi
1645,Ürgüp Sivrisi
1646,Ürgüp Sivrisi
1647,Ürgüp Sivrisi
1648,Ürgüp Sivrisi
1649,Ürgüp Sivrisi
1650,Ürgüp Sivrisi
1651,Ürgüp Sivrisi
1652,Ürgüp Sivrisi
1653,Ürgüp Sivrisi
1654,Ürgüp Sivrisi
1655,Ürgüp Sivrisi
1656,Ürgüp Sivrisi
1657,Ürgüp Sivrisi
1658,Ürgüp Sivrisi
1659,Ürgüp Sivrisi
1660,Ürgüp Sivrisi
1661,Ürgüp Sivrisi
1662,Ürgüp Sivrisi
1663,Ürgüp Sivrisi
1664,Ürgüp Sivrisi
1665,Ürgüp Sivrisi
1666,Ürgüp Sivrisi
1667,Ürgüp Sivrisi
1668,Ürgüp Sivrisi
1669,Ürgüp Sivrisi
1670,Ürgüp Sivrisi
1671,Ürgüp Sivrisi
1672,Ürgüp Sivrisi
1673,Ürgüp Sivrisi
1674,Ürgüp Sivrisi
1675,Ürgüp Sivrisi
1676,Ürgüp Sivrisi
1677,Ürgüp Sivrisi
1678,Ürgüp Sivrisi
1679,Ürgüp Sivrisi
1680,Ürgüp Sivrisi
1681,Ürgüp Sivrisi
1682,Ürgüp Sivrisi
1683,Ürgüp Sivrisi
1684,Ürgüp Sivrisi
1685,Ürgüp Sivrisi
1686,Ürgüp Sivrisi
1687,Ürgüp Sivrisi
1688,Ürgüp Sivrisi
1689,Ürgüp Sivrisi
1690,Ürgüp Sivrisi
1691,Ürgüp Sivrisi
1692,Ürgüp Sivrisi
1693,Ürgüp Sivrisi
1694,Ürgüp Sivrisi
1695,Ürgüp Sivrisi
1696,Ürgüp Sivrisi
1697,Ürgüp Sivrisi
1698,Ürgüp Sivrisi
1699,Ürgüp Sivrisi
1700,Ürgüp Sivrisi
1701,Ürgüp Sivrisi
1702,Ürgüp Sivrisi
1703,Ürgüp Sivrisi
1704,Ürgüp Sivrisi
1705,Ürgüp Sivrisi
1706,Ürgüp Sivrisi
1707,Ürgüp Sivrisi
1708,Ürgüp Sivrisi
1709,Ürgüp Sivrisi
1710,Ürgüp Sivrisi
1711,Ürgüp Sivrisi
1712,Ürgüp Sivrisi
1713,Ürgüp Sivrisi
1714,Ürgüp Sivrisi
1715,Ürgüp Sivrisi
1716,Ürgüp Sivrisi
1717,Ürgüp Sivrisi
1718,Ürgüp Sivrisi
1719,Ürgüp Sivrisi
1720,Ürgüp Sivrisi
1721,Ürgüp Sivrisi
1722,Ürgüp Sivrisi
1723,Ürgüp Sivrisi
1724,Ürgüp Sivrisi
1725,Ürgüp Sivrisi
1726,Ürgüp Sivrisi
1727,Ürgüp Sivrisi
1728,Ürgüp Sivrisi
1729,Ürgüp Sivrisi
1730,Ürgüp Sivrisi
1731,Ürgüp Sivrisi
1732,Ürgüp Sivrisi
1733,Ürgüp Sivrisi
1734,Ürgüp Sivrisi
1735,Ürgüp Sivrisi
1736,Ürgüp Sivrisi
1737,Ürgüp Sivrisi
1738,Ürgüp Sivrisi
1739,Ürgüp Sivrisi
1740,Ürgüp Sivrisi
1741,Ürgüp Sivrisi
1742,Ürgüp Sivrisi
1743,Ürgüp Sivrisi
1744,Ürgüp Sivrisi
1745,Ürgüp Sivrisi
1746,Ürgüp Sivrisi
1747,Ürgüp Sivrisi
1748,Ürgüp Sivrisi
1749,Ürgüp Sivrisi
1750,Ürgüp Sivrisi
1751,Ürgüp Sivrisi
1752,Ürgüp Sivrisi
1753,Ürgüp Sivrisi
1754,Ürgüp Sivrisi
1755,Ürgüp Sivrisi
1756,Ürgüp Sivrisi
1757,Ürgüp Sivrisi
1758,Ürgüp Sivrisi
1759,Ürgüp Sivrisi
1760,Ürgüp Sivrisi
1761,Ürgüp Sivrisi
1762,Ürgüp Sivrisi
1763,Ürgüp Sivrisi
1764,Ürgüp Sivrisi
1765,Ürgüp Sivrisi
1766,Ürgüp Sivrisi
1767,Ürgüp Sivrisi
1768,Ürgüp Sivrisi
1769,Ürgüp Sivrisi
1770,Ürgüp Sivrisi
1771,Ürgüp Sivrisi
1772,Ürgüp Sivrisi
1773,Ürgüp Sivrisi
1774,Ürgüp Sivrisi
1775,Ürgüp Sivrisi
1776,Ürgüp Sivrisi
1777,Ürgüp Sivrisi
1778,Ürgüp Sivrisi
1779,Ürgüp Sivrisi
1780,Ürgüp Sivrisi
1781,Ürgüp Sivrisi
1782,Ürgüp Sivrisi
1783,Ürgüp Sivrisi
1784,Ürgüp Sivrisi
1785,Ürgüp Sivrisi
1786,Ürgüp Sivrisi
1787,Ürgüp Sivrisi
1788,Ürgüp Sivrisi
1789,Ürgüp Sivrisi
1790,Ürgüp Sivrisi
1791,Ürgüp Sivrisi
1792,Ürgüp Sivrisi
1793,Ürgüp Sivrisi
1794,Ürgüp Sivrisi
1795,Ürgüp Sivrisi
1796,Ürgüp Sivrisi
1797,Ürgüp Sivrisi
1798,Ürgüp Sivrisi
1799,Ürgüp Sivrisi
1800,Ürgüp Sivrisi
1801,Ürgüp Sivrisi
1802,Ürgüp Sivrisi
1803,Ürgüp Sivrisi
1804,Ürgüp Sivrisi
1805,Ürgüp Sivrisi
1806,Ürgüp Sivrisi
1807,Ürgüp Sivrisi
1808,Ürgüp Sivrisi
1809,Ürgüp Sivrisi
1810,Ürgüp Sivrisi
1811,Ürgüp Sivrisi
1812,Ürgüp Sivrisi
1813,Ürgüp Sivrisi
1814,Ürgüp Sivrisi
1815,Ürgüp Sivrisi
1816,Ürgüp Sivrisi
1817,Ürgüp Sivrisi
1818,Ürgüp Sivrisi
1819,Ürgüp Sivrisi
1820,Ürgüp Sivrisi
1821,Ürgüp Sivrisi
1822,Ürgüp Sivrisi
1823,Ürgüp Sivrisi
1824,Ürgüp Sivrisi
1825,Ürgüp Sivrisi
1826,Ürgüp Sivrisi
1827,Ürgüp Sivrisi
1828,Ürgüp Sivrisi
1829,Ürgüp Sivrisi
1830,Ürgüp Sivrisi
1831,Ürgüp Sivrisi
1832,Ürgüp Sivrisi
1833,Ürgüp Sivrisi
1834,Ürgüp Sivrisi
1835,Ürgüp Sivrisi
1836,Ürgüp Sivrisi
1837,Ürgüp Sivrisi
1838,Ürgüp Sivrisi
1839,Ürgüp Sivrisi
1840,Ürgüp Sivrisi
1841,Ürgüp Sivrisi
1842,Ürgüp Sivrisi
1843,Ürgüp Sivrisi
1844,Ürgüp Sivrisi
1845,Ürgüp Sivrisi
1846,Ürgüp Sivrisi
1847,Ürgüp Sivrisi
1848,Ürgüp Sivrisi
1849,Ürgüp Sivrisi
1850,Ürgüp Sivrisi
1851,Ürgüp Sivrisi
1852,Ürgüp Sivrisi
1853,Ürgüp Sivrisi
1854,Ürgüp Sivrisi
1855,Ürgüp Sivrisi
1856,Ürgüp Sivrisi
1857,Ürgüp Sivrisi
1858,Ürgüp Sivrisi
1859,Ürgüp Sivrisi
1860,Ürgüp Sivrisi
1861,Ürgüp Sivrisi
1862,Ürgüp Sivrisi
1863,Ürgüp Sivrisi
1864,Ürgüp Sivrisi
1865,Ürgüp Sivrisi
1866,Ürgüp Sivrisi
1867,Ürgüp Sivrisi
1868,Ürgüp Sivrisi
1869,Ürgüp Sivrisi
1870,Ürgüp Sivrisi
1871,Ürgüp Sivrisi
1872,Ürgüp Sivrisi
1873,Ürgüp Sivrisi
1874,Ürgüp Sivrisi
1875,Ürgüp Sivrisi
1876,Ürgüp Sivrisi
1877,Ürgüp Sivrisi
1878,Ürgüp Sivrisi
1879,Ürgüp Sivrisi
1880,Ürgüp Sivrisi
1881,Ürgüp Sivrisi
1882,Ürgüp Sivrisi
1883,Ürgüp Sivrisi
1884,Ürgüp Sivrisi
1885,Ürgüp Sivrisi
1886,Ürgüp Sivrisi
1887,Ürgüp Sivrisi
1888,Ürgüp Sivrisi
1889,Ürgüp Sivrisi
1890,Ürgüp Sivrisi
1891,Ürgüp Sivrisi
1892,Ürgüp Sivrisi
1893,Ürgüp Sivrisi
1894,Ürgüp Sivrisi
1895,Ürgüp Sivrisi
1896,Ürgüp Sivrisi
1897,Ürgüp Sivrisi
1898,Ürgüp Sivrisi
1899,Ürgüp Sivrisi
1900,Ürgüp Sivrisi
1901,Ürgüp Sivrisi
1902,Ürgüp Sivrisi
1903,Ürgüp Sivrisi
1904,Ürgüp Sivrisi
1905,Ürgüp Sivrisi
1906,Ürgüp Sivrisi
1907,Ürgüp Sivrisi
1908,Ürgüp Sivrisi
1909,Ürgüp Sivrisi
1910,Ürgüp Sivrisi
1911,Ürgüp Sivrisi
1912,Ürgüp Sivrisi
1913,Ürgüp Sivrisi
1914,Ürgüp Sivrisi
1915,Ürgüp Sivrisi
1916,Ürgüp Sivrisi
1917,Ürgüp Sivrisi
1918,Ürgüp Sivrisi
1919,Ürgüp Sivrisi
1920,Ürgüp Sivrisi
1921,Ürgüp Sivrisi
1922,Ürgüp Sivrisi
1923,Ürgüp Sivrisi
1924,Ürgüp Sivrisi
1925,Ürgüp Sivrisi
1926,Ürgüp Sivrisi
1927,Ürgüp Sivrisi
1928,Ürgüp Sivrisi
1929,Ürgüp Sivrisi
1930,Ürgüp Sivrisi
1931,Ürgüp Sivrisi
1932,Ürgüp Sivrisi
1933,Ürgüp Sivrisi
1934,Ürgüp Sivrisi
1935,Ürgüp Sivrisi
1936,Ürgüp Sivrisi
1937,Ürgüp Sivrisi
1938,Ürgüp Sivrisi
1939,Ürgüp Sivrisi
1940,Ürgüp Sivrisi
1941,Ürgüp Sivrisi
1942,Ürgüp Sivrisi
1943,Ürgüp Sivrisi
1944,Ürgüp Sivrisi
1945,Ürgüp Sivrisi
1946,Ürgüp Sivrisi
1947,Ürgüp Sivrisi
1948,Ürgüp Sivrisi
1949,Ürgüp Sivrisi
1950,Ürgüp Sivrisi
1951,Ürgüp Sivrisi
1952,Ürgüp Sivrisi
1953,Ürgüp Sivrisi
1954,Ürgüp Sivrisi
1955,Ürgüp Sivrisi
1956,Ürgüp Sivrisi
1957,Ürgüp Sivrisi
1958,Ürgüp Sivrisi
1959,Ürgüp Sivrisi
1960,Ürgüp Sivrisi
1961,Ürgüp Sivrisi
1962,Ürgüp Sivrisi
1963,Ürgüp Sivrisi
1964,Ürgüp Sivrisi
1965,Ürgüp Sivrisi
1966,Ürgüp Sivrisi
1967,Ürgüp Sivrisi
1968,Ürgüp Sivrisi
1969,Ürgüp Sivrisi
1970,Ürgüp Sivrisi
1971,Ürgüp Sivrisi
1972,Ürgüp Sivrisi
1973,Ürgüp Sivrisi
1974,Ürgüp Sivrisi
1975,Ürgüp Sivrisi
1976,Ürgüp Sivrisi
1977,Ürgüp Sivrisi
1978,Ürgüp Sivrisi
1979,Ürgüp Sivrisi
1980,Ürgüp Sivrisi
1981,Ürgüp Sivrisi
1982,Ürgüp Sivrisi
1983,Ürgüp Sivrisi
1984,Ürgüp Sivrisi
1985,Ürgüp Sivrisi
1986,Ürgüp Sivrisi
1987,Ürgüp Sivrisi
1988,Ürgüp Sivrisi
1989,Ürgüp Sivrisi
1990,Ürgüp Sivrisi
1991,Ürgüp Sivrisi
1992,Ürgüp Sivrisi
1993,Ürgüp Sivrisi
1994,Ürgüp Sivrisi
1995,Ürgüp Sivrisi
1996,Ürgüp Sivrisi
1997,Ürgüp Sivrisi
1998,Ürgüp Sivrisi
1999,Ürgüp Sivrisi
2000,Ürgüp Sivrisi
2001,Ürgüp Sivrisi
2002,Ürgüp Sivrisi
2003,Ürgüp Sivrisi
2004,Ürgüp Sivrisi
2005,Ürgüp Sivrisi
2006,Ürgüp Sivrisi
2007,Ürgüp Sivrisi
2008,Ürgüp Sivrisi
2009,Ürgüp Sivrisi
2010,Ürgüp Sivrisi
2011,Ürgüp Sivrisi
2012,Ürgüp Sivrisi
2013,Ürgüp Sivrisi
2014,Ürgüp Sivrisi
2015,Ürgüp Sivrisi
2016,Ürgüp Sivrisi
2017,Ürgüp Sivrisi
2018,Ürgüp Sivrisi
2019,Ürgüp Sivrisi
2020,Ürgüp Sivrisi
2021,Ürgüp Sivrisi
2022,Ürgüp Sivrisi
2023,Ürgüp Sivrisi
2024,Ürgüp Sivrisi
2025,Ürgüp Sivrisi
2026,Ürgüp Sivrisi
2027,Ürgüp Sivrisi
2028,Ürgüp Sivrisi
2029,Ürgüp Sivrisi
2030,Ürgüp Sivrisi
2031,Ürgüp Sivrisi
2032,Ürgüp Sivrisi
2033,Ürgüp Sivrisi
2034,Ürgüp Sivrisi
2035,Ürgüp Sivrisi
2036,Ürgüp Sivrisi
2037,Ürgüp Sivrisi
2038,Ürgüp Sivrisi
2039,Ürgüp Sivrisi
2040,Ürgüp Sivrisi
2041,Ürgüp Sivrisi
2042,Ürgüp Sivrisi
2043,Ürgüp Sivrisi
2044,Ürgüp Sivrisi
2045,Ürgüp Sivrisi
2046,Ürgüp Sivrisi
2047,Ürgüp Sivrisi
2048,Ürgüp Sivrisi
2049,Ürgüp Sivrisi
2050,Ürgüp Sivrisi
2051,Ürgüp Sivrisi
2052,Ürgüp Sivrisi
2053,Ürgüp Sivrisi
2054,Ürgüp Sivrisi
2055,Ürgüp Sivrisi
2056,Ürgüp Sivrisi
2057,Ürgüp Sivrisi
2058,Ürgüp Sivrisi
2059,Ürgüp Sivrisi
2060,Ürgüp Sivrisi
2061,Ürgüp Sivrisi
2062,Ürgüp Sivrisi
2063,Ürgüp Sivrisi
2064,Ürgüp Sivrisi
2065,Ürgüp Sivrisi
2066,Ürgüp Sivrisi
2067,Ürgüp Sivrisi
2068,Ürgüp Sivrisi
2069,Ürgüp Sivrisi
2070,Ürgüp Sivrisi
2071,Ürgüp Sivrisi
2072,Ürgüp Sivrisi
2073,Ürgüp Sivrisi
2074,Ürgüp Sivrisi
2075,Ürgüp Sivrisi
2076,Ürgüp Sivrisi
2077,Ürgüp Sivrisi
2078,Ürgüp Sivrisi
2079,Ürgüp Sivrisi
2080,Ürgüp Sivrisi
2081,Ürgüp Sivrisi
2082,Ürgüp Sivrisi
2083,Ürgüp Sivrisi
2084,Ürgüp Sivrisi
2085,Ürgüp Sivrisi
2086,Ürgüp Sivrisi
2087,Ürgüp Sivrisi
2088,Ürgüp Sivrisi
2089,Ürgüp Sivrisi
2090,Ürgüp Sivrisi
2091,Ürgüp Sivrisi
2092,Ürgüp Sivrisi
2093,Ürgüp Sivrisi
2094,Ürgüp Sivrisi
2095,Ürgüp Sivrisi
2096,Ürgüp Sivrisi
2097,Ürgüp Sivrisi
2098,Ürgüp Sivrisi
2099,Ürgüp Sivrisi
2100,Ürgüp Sivrisi
2101,Ürgüp Sivrisi
2102,Ürgüp Sivrisi
2103,Ürgüp Sivrisi
2104,Ürgüp Sivrisi
2105,Ürgüp Sivrisi
2106,Ürgüp Sivrisi
2107,Ürgüp Sivrisi
2108,Ürgüp Sivrisi
2109,Ürgüp Sivrisi
2110,Ürgüp Sivrisi
2111,Ürgüp Sivrisi
2112,Ürgüp Sivrisi
2113,Ürgüp Sivrisi
2114,Ürgüp Sivrisi
2115,Ürgüp Sivrisi
2116,Ürgüp Sivrisi
2117,Ürgüp Sivrisi
2118,Ürgüp Sivrisi
2119,Ürgüp Sivrisi
2120,Ürgüp Sivrisi
2121,Ürgüp Sivrisi
2122,Ürgüp Sivrisi
2123,Ürgüp Sivrisi
2124,Ürgüp Sivrisi
2125,Ürgüp Sivrisi
2126,Ürgüp Sivrisi
2127,Ürgüp Sivrisi
2128,Ürgüp Sivrisi
2129,Ürgüp Sivrisi
2130,Ürgüp Sivrisi
2131,Ürgüp Sivrisi
2132,Ürgüp Sivrisi
2133,Ürgüp Sivrisi
2134,Ürgüp Sivrisi
2135,Ürgüp Sivrisi
2136,Ürgüp Sivrisi
2137,Ürgüp Sivrisi
2138,Ürgüp Sivrisi
2139,Ürgüp Sivrisi
2140,Ürgüp Sivrisi
2141,Ürgüp Sivrisi
2142,Ürgüp Sivrisi
2143,Ürgüp Sivrisi
2144,Ürgüp Sivrisi
2145,Ürgüp Sivrisi
2146,Ürgüp Sivrisi
2147,Ürgüp Sivrisi
2148,Ürgüp Sivrisi
2149,Ürgüp Sivrisi
2150,Ürgüp Sivrisi
2151,Ürgüp Sivrisi
2152,Ürgüp Sivrisi
2153,Ürgüp Sivrisi
2154,Ürgüp Sivrisi
2155,Ürgüp Sivrisi
2156,Ürgüp Sivrisi
2157,Ürgüp Sivrisi
2158,Ürgüp Sivrisi
2159,Ürgüp Sivrisi
2160,Ürgüp Sivrisi
2161,Ürgüp Sivrisi
2162,Ürgüp Sivrisi
2163,Ürgüp Sivrisi
2164,Ürgüp Sivrisi
2165,Ürgüp Sivrisi
2166,Ürgüp Sivrisi
2167,Ürgüp Sivrisi
2168,Ürgüp Sivrisi
2169,Ürgüp Sivrisi
2170,Ürgüp Sivrisi
2171,Ürgüp Sivrisi
2172,Ürgüp Sivrisi
2173,Ürgüp Sivrisi
2174,Ürgüp Sivrisi
2175,Ürgüp Sivrisi
2176,Ürgüp Sivrisi
2177,Ürgüp Sivrisi
2178,Ürgüp Sivrisi
2179,Ürgüp Sivrisi
2180,Ürgüp Sivrisi
2181,Ürgüp Sivrisi
2182,Ürgüp Sivrisi
2183,Ürgüp Sivrisi
2184,Ürgüp Sivrisi
2185,Ürgüp Sivrisi
2186,Ürgüp Sivrisi
2187,Ürgüp Sivrisi
2188,Ürgüp Sivrisi
2189,Ürgüp Sivrisi
2190,Ürgüp Sivrisi
2191,Ürgüp Sivrisi
2192,Ürgüp Sivrisi
2193,Ürgüp Sivrisi
2194,Ürgüp Sivrisi
2195,Ürgüp Sivrisi
2196,Ürgüp Sivrisi
2197,Ürgüp Sivrisi
2198,Ürgüp Sivrisi
2199,Ürgüp Sivrisi
2200,Ürgüp Sivrisi
2201,Ürgüp Sivrisi
2202,Ürgüp Sivrisi
2203,Ürgüp Sivrisi
2204,Ürgüp Sivrisi
2205,Ürgüp Sivrisi
2206,Ürgüp Sivrisi
2207,Ürgüp Sivrisi
2208,Ürgüp Sivrisi
2209,Ürgüp Sivrisi
2210,Ürgüp Sivrisi
2211,Ürgüp Sivrisi
2212,Ürgüp Sivrisi
2213,Ürgüp Sivrisi
2214,Ürgüp Sivrisi
2215,Ürgüp Sivrisi
2216,Ürgüp Sivrisi
2217,Ürgüp Sivrisi
2218,Ürgüp Sivrisi
2219,Ürgüp Sivrisi
2220,Ürgüp Sivrisi
2221,Ürgüp Sivrisi
2222,Ürgüp Sivrisi
2223,Ürgüp Sivrisi
2224,Ürgüp Sivrisi
2225,Ürgüp Sivrisi
2226,Ürgüp Sivrisi
2227,Ürgüp Sivrisi
2228,Ürgüp Sivrisi
2229,Ürgüp Sivrisi
2230,Ürgüp Sivrisi
2231,Ürgüp Sivrisi
2232,Ürgüp Sivrisi
2233,Ürgüp Sivrisi
2234,Ürgüp Sivrisi
2235,Ürgüp Sivrisi
2236,Ürgüp Sivrisi
2237,Ürgüp Sivrisi
2238,Ürgüp Sivrisi
2239,Ürgüp Sivrisi
2240,Ürgüp Sivrisi
2241,Ürgüp Sivrisi
2242,Ürgüp Sivrisi
2243,Ürgüp Sivrisi
2244,Ürgüp Sivrisi
2245,Ürgüp Sivrisi
2246,Ürgüp Sivrisi
2247,Ürgüp Sivrisi
2248,Ürgüp Sivrisi
2249,Ürgüp Sivrisi
2250,Ürgüp Sivrisi
2251,Ürgüp Sivrisi
2252,Ürgüp Sivrisi
2253,Ürgüp Sivrisi
2254,Ürgüp Sivrisi
2255,Ürgüp Sivrisi
2256,Ürgüp Sivrisi
2257,Ürgüp Sivrisi
2258,Ürgüp Sivrisi
2259,Ürgüp Sivrisi
2260,Ürgüp Sivrisi
2261,Ürgüp Sivrisi
2262,Ürgüp Sivrisi
2263,Ürgüp Sivrisi
2264,Ürgüp Sivrisi
2265,Ürgüp Sivrisi
2266,Ürgüp Sivrisi
2267,Ürgüp Sivrisi
2268,Ürgüp Sivrisi
2269,Ürgüp Sivrisi
2270,Ürgüp Sivrisi
2271,Ürgüp Sivrisi
2272,Ürgüp Sivrisi
2273,Ürgüp Sivrisi
2274,Ürgüp Sivrisi
2275,Ürgüp Sivrisi
2276,Ürgüp Sivrisi
2277,Ürgüp Sivrisi
2278,Ürgüp Sivrisi
2279,Ürgüp Sivrisi
2280,Ürgüp Sivrisi
2281,Ürgüp Sivrisi
2282,Ürgüp Sivrisi
2283,Ürgüp Sivrisi
2284,Ürgüp Sivrisi
2285,Ürgüp Sivrisi
2286,Ürgüp Sivrisi
2287,Ürgüp Sivrisi
2288,Ürgüp Sivrisi
2289,Ürgüp Sivrisi
2290,Ürgüp Sivrisi
2291,Ürgüp Sivrisi
2292,Ürgüp Sivrisi
2293,Ürgüp Sivrisi
2294,Ürgüp Sivrisi
2295,Ürgüp Sivrisi
2296,Ürgüp Sivrisi
2297,Ürgüp Sivrisi
2298,Ürgüp Sivrisi
2299,Ürgüp Sivrisi
2300,Ürgüp Sivrisi
2301,Ürgüp Sivrisi
2302,Ürgüp Sivrisi
2303,Ürgüp Sivrisi
2304,Ürgüp Sivrisi
2305,Ürgüp Sivrisi
2306,Ürgüp Sivrisi
2307,Ürgüp Sivrisi
2308,Ürgüp Sivrisi
2309,Ürgüp Sivrisi
2310,Ürgüp Sivrisi
2311,Ürgüp Sivrisi
2312,Ürgüp Sivrisi
2313,Ürgüp Sivrisi
2314,Ürgüp Sivrisi
2315,Ürgüp Sivrisi
2316,Ürgüp Sivrisi
2317,Ürgüp Sivrisi
2318,Ürgüp Sivrisi
2319,Ürgüp Sivrisi
2320,Ürgüp Sivrisi
2321,Ürgüp Sivrisi
2322,Ürgüp Sivrisi
2323,Ürgüp Sivrisi
2324,Ürgüp Sivrisi
2325,Ürgüp Sivrisi
2326,Ürgüp Sivrisi
2327,Ürgüp Sivrisi
2328,Ürgüp Sivrisi
2329,Ürgüp Sivrisi
2330,Ürgüp Sivrisi
2331,Ürgüp Sivrisi
2332,Ürgüp Sivrisi
2333,Ürgüp Sivrisi
2334,Ürgüp Sivrisi
2335,Ürgüp Sivrisi
2336,Ürgüp Sivrisi
2337,Ürgüp Sivrisi
2338,Ürgüp Sivrisi
2339,Ürgüp Sivrisi
2340,Ürgüp Sivrisi
2341,Ürgüp Sivrisi
2342,Ürgüp Sivrisi
2343,Ürgüp Sivrisi
2344,Ürgüp Sivrisi
2345,Ürgüp Sivrisi
2346,Ürgüp Sivrisi
2347,Ürgüp Sivrisi
2348,Ürgüp Sivrisi
2349,Ürgüp Sivrisi
2350,Ürgüp Sivrisi
2351,Ürgüp Sivrisi
2352,Ürgüp Sivrisi
2353,Ürgüp Sivrisi
2354,Ürgüp Sivrisi
2355,Ürgüp Sivrisi
2356,Ürgüp Sivrisi
2357,Ürgüp Sivrisi
2358,Ürgüp Sivrisi
2359,Ürgüp Sivrisi
2360,Ürgüp Sivrisi
2361,Ürgüp Sivrisi
2362,Ürgüp Sivrisi
2363,Ürgüp Sivrisi
2364,Ürgüp Sivrisi
2365,Ürgüp Sivrisi
2366,Ürgüp Sivrisi
2367,Ürgüp Sivrisi
2368,Ürgüp Sivrisi
2369,Ürgüp Sivrisi
2370,Ürgüp Sivrisi
2371,Ürgüp Sivrisi
2372,Ürgüp Sivrisi
2373,Ürgüp Sivrisi
2374,Ürgüp Sivrisi
2375,Ürgüp Sivrisi
2376,Ürgüp Sivrisi
2377,Ürgüp Sivrisi
2378,Ürgüp Sivrisi
2379,Ürgüp Sivrisi
2380,Ürgüp Sivrisi
2381,Ürgüp Sivrisi
2382,Ürgüp Sivrisi
2383,Ürgüp Sivrisi
2384,Ürgüp Sivrisi
2385,Ürgüp Sivrisi
2386,Ürgüp Sivrisi
2387,Ürgüp Sivrisi
2388,Ürgüp Sivrisi
2389,Ürgüp Sivrisi
2390,Ürgüp Sivrisi
2391,Ürgüp Sivrisi
2392,Ürgüp Sivrisi
2393,Ürgüp Sivrisi
2394,Ürgüp Sivrisi
2395,Ürgüp Sivrisi
2396,Ürgüp Sivrisi
2397,Ürgüp Sivrisi
2398,Ürgüp Sivrisi
2399,Ürgüp Sivrisi
2400,Ürgüp Sivrisi
2401,Ürgüp Sivrisi
2402,Ürgüp Sivrisi
2403,Ürgüp Sivrisi
2404,Ürgüp Sivrisi
2405,Ürgüp Sivrisi
2406,Ürgüp Sivrisi
2407,Ürgüp Sivrisi
2408,Ürgüp Sivrisi
2409,Ürgüp Sivrisi
2410,Ürgüp Sivrisi
2411,Ürgüp Sivrisi
2412,Ürgüp Sivrisi
2413,Ürgüp Sivrisi
2414,Ürgüp Sivrisi
2415,Ürgüp Sivrisi
2416,Ürgüp Sivrisi
2417,Ürgüp Sivrisi
2418,Ürgüp Sivrisi
2419,Ürgüp Sivrisi
2420,Ürgüp Sivrisi
2421,Ürgüp Sivrisi
2422,Ürgüp Sivrisi
2423,Ürgüp Sivrisi
2424,Ürgüp Sivrisi
2425,Ürgüp Sivrisi
2426,Ürgüp Sivrisi
2427,Ürgüp Sivrisi
2428,Ürgüp Sivrisi
2429,Ürgüp Sivrisi
2430,Ürgüp Sivrisi
2431,Ürgüp Sivrisi
2432,Ürgüp Sivrisi
2433,Ürgüp Sivrisi
2434,Ürgüp Sivrisi
2435,Ürgüp Sivrisi
2436,Ürgüp Sivrisi
2437,Ürgüp Sivrisi
2438,Ürgüp Sivrisi
2439,Ürgüp Sivrisi
2440,Ürgüp Sivrisi
2441,Ürgüp Sivrisi
2442,Ürgüp Sivrisi
2443,Ürgüp Sivrisi
2444,Ürgüp Sivrisi
2445,Ürgüp Sivrisi
2446,Ürgüp Sivrisi
2447,Ürgüp Sivrisi
2448,Ürgüp Sivrisi
2449,Ürgüp Sivrisi
2450,Ürgüp Sivrisi
2451,Ürgüp Sivrisi
2452,Ürgüp Sivrisi
2453,Ürgüp Sivrisi
2454,Ürgüp Sivrisi
2455,Ürgüp Sivrisi
2456,Ürgüp Sivrisi
2457,Ürgüp Sivrisi
2458,Ürgüp Sivrisi
2459,Ürgüp Sivrisi
2460,Ürgüp Sivrisi
2461,Ürgüp Sivrisi
2462,Ürgüp Sivrisi
2463,Ürgüp Sivrisi
2464,Ürgüp Sivrisi
2465,Ürgüp Sivrisi
2466,Ürgüp Sivrisi
2467,Ürgüp Sivrisi
2468,Ürgüp Sivrisi
2469,Ürgüp Sivrisi
2470,Ürgüp Sivrisi
2471,Ürgüp Sivrisi
2472,Ürgüp Sivrisi
2473,Ürgüp Sivrisi
2474,Ürgüp Sivrisi
2475,Ürgüp Sivrisi
2476,Ürgüp Sivrisi
2477,Ürgüp Sivrisi
2478,Ürgüp Sivrisi
2479,Ürgüp Sivrisi
2480,Ürgüp Sivrisi
2481,Ürgüp Sivrisi
2482,Ürgüp Sivrisi
2483,Ürgüp Sivrisi
2484,Ürgüp Sivrisi
2485,Ürgüp Sivrisi
2486,Ürgüp Sivrisi
2487,Ürgüp Sivrisi
2488,Ürgüp Sivrisi
2489,Ürgüp Sivrisi
2490,Ürgüp Sivrisi
2491,Ürgüp Sivrisi
2492,Ürgüp Sivrisi
2493,Ürgüp Sivrisi
2494,Ürgüp Sivrisi
2495,Ürgüp Sivrisi
2496,Ürgüp Sivrisi
2497,Ürgüp Sivrisi
2498,Ürgüp Sivrisi
2499,Ürgüp Sivrisi
